name,pcode,code
稚内,11,47401
沓形,11,2
浜頓別,11,3
北見枝幸,11,47402
歌登,11,5
中頓別,11,1051
豊富,11,1054
沼川,11,1203
船泊,11,1207
宗谷岬,11,1284
浜鬼志別,11,1285
本泊,11,1512
声問,11,1528
礼文,11,1546
幌泊,11,1593
宗谷地方全地点,11,0
幌延,11,1573
礼文上泊埼,11,1656
美深,12,6
ピヤシリ山,12,7
名寄,12,8
西風連,12,9
下川,12,10
士別,12,11
犬牛別峠,12,12
雄鷹峰,12,13
蓬莱山,12,14
上川,12,15
旭川,12,47407
瑞穂,12,17
終沢,12,18
旭岳,12,19
白金,12,20
富良野,12,21
前富良野岳,12,22
前時雨山,12,23
朝日,12,1047
比布,12,1048
層雲峡,12,1049
美瑛,12,1052
和寒,12,1055
東川,12,1184
志比内,12,1185
幾寅,12,1188
占冠,12,1189
上富良野,12,1190
江丹別,12,1191
音威子府,12,1197
中川,12,1201
麓郷,12,1280
東神楽,12,1458
小車,12,1570
剣淵,12,1572
金山,12,1574
幌加内,12,1053
朱鞠内,12,1279
天塩,13,24
遠別,13,25
羽幌,13,47404
留萌,13,47406
増毛,13,28
古丹別,13,1112
焼尻,13,1213
初山別,13,1216
達布,13,1217
幌糠,13,1218
留萌地方全地点,13,0
阿曽岩,14,29
新篠津,14,30
山口,14,31
手稲山,14,32
札幌,14,47412
小金湯,14,34
恵庭島松,14,35
島松山,14,36
支笏湖畔,14,37
西野幌,14,1076
石狩,14,1085
浜益,14,1193
厚田,14,1194
千歳,14,1459
江別,14,1507
石狩沼田,15,38
深川,15,39
常盤山,15,40
滝川,15,41
神威岳,15,42
芦別,15,43
美唄,15,44
岩見沢,15,47413
下桂沢,15,46
長沼,15,47
丁未山,15,48
夕張,15,49
登川山,15,50
月形,15,999
栗沢,15,1068
晩生内,15,1270
桜山,15,1271
空知吉野,15,1287
浦臼,15,1400
鹿島,15,1401
沼の沢,15,1402
新城,15,1419
赤平,15,1566
雨竜,15,1567
空知地方全地点,15,0
美国,16,51
余市,16,52
小樽,16,47411
共和,16,54
蘭越,16,55
倶知安,16,47433
脇方台地,16,57
寿都,16,47421
桂台,16,59
喜茂別,16,60
黒松内,16,61
真狩,16,1072
赤井川,16,1091
神恵内,16,1208
ニセコ,16,1615
雄武,17,47405
興部,17,63
紋別,17,47435
湧別,17,65
滝上,17,66
上藻別,17,67
常呂,17,68
遠軽,17,69
佐呂間,17,70
網走,17,47409
生田原,17,72
仁頃山,17,73
北見,17,74
小清水,17,75
斜里,17,76
留辺蘂,17,77
留辺蘂山,17,78
美幌,17,79
藻琴山,17,80
チミケップ山,17,81
津別,17,82
北見中山,17,83
宇登呂,17,981
西興部,17,1073
白滝,17,1092
境野,17,1209
東藻琴,17,1263
丸瀬布,17,1420
女満別,17,1460
紋別小向,17,1487
津別二又,17,1568
置戸常元,17,1569
網走・北見・紋別地方全地点,17,0
山園,17,1617
羅臼,18,84
標津,18,85
中標津,18,86
計根別,18,87
別海,18,88
根室,18,47420
納沙布,18,1056
厚床,18,1196
糸櫛別,18,1266
根室中標津,18,1489
上標津,18,1547
川湯,19,90
阿寒湖畔,19,91
弟子屈,19,92
標茶,19,93
幌呂台地,19,94
中徹別,19,95
阿寒,19,96
霧多布,19,97
白糠,19,98
釧路,19,47418
二俣,19,1107
鶴居,19,1186
弟子屈,19,1187
太田,19,1192
榊町,19,1195
知方学,19,1283
塘路,19,1403
茶内原野,19,1417
鶴丘,19,1461
釧路地方全地点,19,0
軍艦山,20,100
陸別,20,101
殖産高地,20,102
ぬかびら源泉郷,20,103
小坂山,20,104
上足寄,20,105
西ヌプカウシ山,20,106
上士幌,20,107
幌安山,20,108
足寄,20,109
佐幌岳,20,110
三角山,20,111
本別,20,112
新得,20,113
鹿追,20,114
芽室,20,115
帯広,20,47417
池田,20,117
浦幌,20,118
帯広岳,20,119
ひょうたん沢,20,120
大樹,20,121
広尾,20,47440
三国山,20,1099
駒場,20,1204
上札内,20,1210
更別,20,1211
大津,20,1214
糠内,20,1286
小利別,20,1404
押帯,20,1405
柏倉,20,1409
上螺湾,20,1410
留真,20,1418
帯広泉,20,1510
三股,20,1571
安平,21,123
厚真,21,124
穂別,21,125
森野,21,126
苫小牧,21,47424
大岸,21,128
有珠山,21,129
白老,21,130
鵡川,21,131
伊達,21,132
登別山,21,133
登別,21,134
室蘭,21,47423
大滝,21,1067
洞爺湖温泉,21,1329
カルルス,21,1429
豊浦,21,1496
花和,21,1498
虻田,21,1499
壮瞥,21,1500
入江,21,1501
月浦,21,1502
北有珠,21,1503
洞爺湖畔,21,1504
胆振地方全地点,21,0
日高門別,22,136
新和,22,137
ヌモトル山,22,138
笹山,22,139
静内,22,140
ピセナイ山,22,141
浦河,22,47426
仁世宇,22,1097
三石,22,1198
日高,22,1202
幌満,22,1264
目黒,22,1276
中杵臼,22,1288
えりも岬,22,1340
旭,22,1430
平取,22,1594
長万部,23,143
八雲,23,144
森,23,145
大沼,23,146
川汲,23,147
北斗,23,148
函館,23,47430
汐首,23,150
小谷石,23,151
松前,23,152
木古内,23,917
千軒,23,1265
蛾眉野,23,1416
高松,23,1462
戸井泊,23,1543
知内,23,1552
熊石,23,155
渡島地方全地点,23,0
せたな,24,153
今金,24,154
潮見,24,156
江差,24,47428
奥尻,24,1199
鶉,24,1200
石崎,24,1205
米岡,24,1513
障子山,31,158
むつ,31,47576
蟹田,31,160
青森,31,47575
野辺地,31,162
鰺ケ沢,31,163
五所川原,31,164
深浦,31,47574
弘前,31,166
黒石,31,167
八甲田山,31,168
三沢,31,169
四兵衛森,31,170
毛無山,31,171
十和田,31,172
八戸,31,47581
大鰐,31,174
碇ケ関,31,175
空岱山,31,176
休屋,31,177
朝日奈岳,31,178
三戸,31,179
今別,31,1026
六ケ所,31,1027
大間,31,1041
大和山,31,1042
酸ケ湯,31,1079
岳,31,1108
長慶平,31,1110
市浦,31,1119
小田野沢,31,1122
脇野沢,31,1124
七戸,31,1183
戸来,31,1272
温川,31,1406
青森大谷,31,1495
湯野川,31,1559
青森県全地点,31,0
田代岳,32,180
陣場,32,181
杉沢山,32,182
能代,32,183
鷹巣,32,184
鹿角,32,185
湯瀬,32,186
森吉山,32,187
五城目,32,188
男鹿本山,32,189
秋田,32,47582
太平山,32,191
岩見三内,32,192
角館,32,193
田沢湖,32,194
大曲,32,195
本荘,32,196
保呂羽山,32,197
横手,32,198
にかほ,32,199
矢島,32,200
三森山,32,201
湯沢,32,202
姥井戸山,32,203
湯の岱,32,204
大館,32,912
大潟,32,1035
男鹿,32,1036
八森,32,1043
大正寺,32,1050
東成瀬,32,1109
比立内,32,1115
東由利,32,1117
阿仁合,32,1131
鎧畑,32,1167
藤里,32,1273
桧木内,32,1278
八幡平,32,1289
笹子,32,1407
藤原,32,1408
男鹿真山,32,1422
仁別,32,1425
脇神,32,1463
雄和,32,1511
田沢湖高原,32,1652
種市,33,205
軽米,33,206
二戸,33,207
折爪岳,33,208
久慈,33,209
西岳,33,210
葛巻,33,211
袖山,33,212
茶臼岳,33,213
岩手松尾,33,214
岩手山,33,215
岩洞,33,216
大森山,33,217
岩泉,33,218
駒ケ岳,33,219
害鷹森,33,220
雫石,33,221
盛岡,33,47584
宮古,33,47585
薬師岳,33,224
黒森山,33,225
豊沢,33,226
花巻,33,227
大迫,33,228
湯田,33,229
北上,33,230
遠野,33,231
五葉山,33,232
釜石,33,233
岳山,33,234
若柳,33,235
江刺,33,236
大船渡,33,47512
一関,33,238
千厩,33,239
室根山,33,240
祭畤,33,1028
好摩,33,1032
山田,33,1033
大野,33,1037
衣川,33,1045
薮川,33,1078
米里,33,1113
沢内,33,1118
荒屋,33,1120
普代,33,1123
紫波,33,1128
葛根田,33,1168
住田,33,1206
小本,33,1212
奥中山,33,1215
山形,33,1219
川井,33,1224
門馬,33,1225
下戸鎖,33,1332
区界,33,1447
大槌,33,1508
大東,33,1557
金ヶ崎,33,1558
滝沢,33,1560
附馬牛,33,1563
岩手県全地点,33,0
厳美,33,1598
刈屋,33,1627
新町,33,1628
陸前高田,33,1629
一方井,33,1653
栗駒山,34,241
気仙沼,34,242
川渡,34,243
築館,34,244
箕輪山,34,245
志津川,34,246
古川,34,247
大衡,34,248
鹿島台,34,249
石巻,34,47592
新川,34,251
鷹巣山,34,252
仙台,34,47590
川崎,34,254
不忘山,34,255
白石,34,256
亘理,34,257
雄勝,34,985
米山,34,1029
塩釜,34,1030
駒ノ湯,34,1126
丸森,34,1220
花山,34,1267
江ノ島,34,1290
筆甫,34,1298
泉ケ岳,34,1365
名取,34,1464
鴬沢,34,1526
加美,34,1561
蔵王,34,1564
栗駒深山,34,1597
栗駒,34,1600
女川,34,1626
桃生,34,1630
東松島,34,1631
岩沼,34,1632
鳥海山,35,258
酒田,35,47587
差首鍋,35,260
太平山,35,261
金山,35,262
鶴岡,35,263
狩川,35,264
新庄,35,47520
瀬見,35,266
温海岳,35,267
櫛引,35,268
月山,35,269
銀山,35,270
楯岡,35,271
左沢,35,272
山形,35,47588
葉山,35,274
長井,35,275
蔵王山,35,276
小国,35,277
高峰,35,278
米沢,35,279
西吾妻山,35,280
向町,35,910
上草津,35,1038
尾花沢,35,1039
鼠ケ関,35,1040
山毛欅潰山,35,1103
肘折,35,1125
高畠,35,1132
落合,35,1169
飛島,35,1291
大井沢,35,1292
荒沢,35,1357
中津川,35,1372
白鷹山,35,1428
浜中,35,1465
東根,35,1488
村山,35,1539
上山中山,35,1562
山形県全地点,35,0
浪江,36,295
小野新町,36,304
広野,36,1034
川内,36,1129
相馬,36,285
郡山,36,299
梁川,36,281
稲荷峠,36,282
吾妻山,36,283
福島,36,47595
喜多方,36,286
八木沢,36,287
原町,36,288
飯谷山,36,289
猪苗代,36,290
二本松,36,291
白馬石山,36,292
若松,36,47570
船引,36,294
浅草岳,36,296
只見,36,297
博士峠,36,298
富岡,36,300
南郷,36,301
駒止峠,36,302
田島,36,303
観音山,36,305
白河,36,47597
石川,36,307
山王峠,36,308
大辷山,36,309
平,36,310
田代山,36,311
東白川,36,312
小名浜,36,47598
西会津,36,1031
金山,36,1044
鷲倉,36,1116
上遠野,36,1127
飯舘,36,1130
津島,36,1150
長沼,36,1268
舘岩,36,1269
川前,36,1274
桧原,36,1282
茂庭,36,1293
湯本,36,1294
桧枝岐,36,1295
吉尾峠,36,1359
六十里越,36,1364
湖南,36,1386
玉川,36,1466
山田,36,1607
新地,36,1633
古殿,36,1634
花園,40,314
北茨城,40,315
大子,40,316
神峰山,40,317
笠間,40,318
水戸,40,47629
古河,40,320
愛宕山,40,321
下妻,40,322
坂東,40,323
土浦,40,324
鹿嶋,40,325
江戸崎,40,911
日立,40,1011
柿岡,40,1012
美野里,40,1013
龍ケ崎,40,1014
筑波山,40,1082
中野,40,1170
徳田,40,1173
鉾田,40,1245
常陸大宮,40,1331
門井,40,1388
大能,40,1421
つくば（館野）,40,47646
下館,40,1530
茨城県全地点,40,0
高萩,40,1635
常総,40,1661
那須高原,41,326
黒田原,41,327
八方が原,41,328
黒磯,41,329
八溝山,41,330
大田原,41,331
奥日光（日光）,41,47690
方塞山,41,333
高根沢,41,334
鹿沼,41,335
宇都宮,41,47615
葛生,41,337
真岡,41,338
足利,41,339
栃木,41,340
小山,41,341
五十里,41,1015
足尾,41,1016
烏山,41,1017
佐野,41,1018
土呂部,41,1221
今市,41,1333
塩谷,41,1334
那須烏山,41,1605
前武尊,42,342
草津,42,343
野反湖,42,344
雨見山,42,345
沼田,42,346
赤城山,42,347
田代,42,348
榛名山,42,349
前橋,42,47624
桐生,42,351
一の字山,42,352
上里見,42,353
西野牧,42,354
藤岡,42,355
館林,42,356
稲含山,42,357
みなかみ,42,1019
中之条,42,1020
伊勢崎,42,1021
片品,42,1174
藤原,42,1222
神流,42,1223
黒保根,42,1259
高手山,42,1375
群馬県全地点,42,0
熊谷,43,47626
久喜,43,359
秩父,43,47641
堂平,43,361
飯能,43,362
さいたま,43,363
越谷,43,364
三峰,43,1000
寄居,43,1009
鴻巣,43,1069
所沢,43,1070
浦山,43,1159
上吉田,43,1182
鳩山,43,1232
ときがわ,43,1497
小河内,44,365
八王子,44,366
調布,44,367
世田谷,44,368
東京,44,47662
江戸川臨海,44,370
羽田,44,371
大島,44,47675
三宅島,44,47677
八丈島,44,47678
青梅,44,1001
練馬,44,1002
府中,44,1133
新島,44,1134
小沢,44,1180
父島,44,47971
大島北ノ山,44,1467
八重見ヶ原,44,1468
神津島,44,1505
三宅坪田,44,1506
三宅島阿古,44,1509
新島,44,1522
神津島,44,1523
三宅伊豆,44,1525
南鳥島,44,47991
東京都全地点,44,0
母島,44,1595
大島臨時,44,1642
大島泉津,44,1643
大島差木地,44,1644
利島,44,1646
青ヶ島,44,1648
香取,45,375
我孫子,45,376
東庄,45,377
成田,45,378
銚子,45,47648
千葉,45,47682
茂原,45,381
木更津,45,382
鋸南,45,383
鴨川,45,384
勝浦,45,47674
館山,45,47672
佐倉,45,916
横芝光,45,1003
大多喜,45,1004
船橋,45,1236
牛久,45,1238
坂畑,45,1241
相模湖,46,387
海老名,46,388
横浜,46,47670
箱根,46,390
江ノ島,46,391
三浦,46,392
相模原中央,46,1005
日吉,46,1006
平塚,46,1007
小田原,46,1008
丹沢湖,46,1096
辻堂,46,1443
神奈川県全地点,46,0
野沢温泉,48,393
信濃町,48,394
飯山,48,395
白馬,48,396
長野,48,47610
笠岳,48,398
大町,48,399
信州新町,48,400
四阿屋山,48,401
上田,48,402
燕岳,48,403
穂高,48,404
軽井沢,48,47622
松本,48,47618
鹿教湯,48,407
佐久,48,408
高ボッチ,48,409
茂来山,48,410
諏訪,48,47620
八ケ岳,48,412
木曽平沢,48,413
原村,48,414
野辺山,48,415
御嶽山,48,416
木曽福島,48,417
高遠,48,418
入笠山,48,419
宮田高原,48,420
松峯,48,421
須原,48,422
摺古木山,48,423
飯島,48,424
笹山,48,425
飯田,48,47637
恵那山,48,427
鶯巣,48,428
菅平,48,992
東御,48,993
上高地,48,994
南木曽,48,1022
南小谷,48,1090
鬼無里,48,1162
立科,48,1300
奈川,48,1312
開田高原,48,1314
浪合,48,1317
辰野,48,1319
南信濃,48,1323
阿南,48,1339
聖高原,48,1360
網掛山,48,1392
大鹿,48,1394
杉島,48,1397
十石峠,48,1399
小谷,48,1411
伊那,48,1445
松本今井,48,1529
北相木,48,1549
白樺湖,48,1550
高遠,48,1551
宮田,48,1591
王滝大又,48,1659
剣ノ峰,49,429
日向山,49,430
大菩薩,49,431
甲府,49,47638
勝沼,49,433
大月,49,434
八町山,49,435
古関,49,436
河口湖,49,47640
山中,49,438
南部,49,439
大泉,49,1023
韮崎,49,1024
上野原,49,1165
切石,49,1234
富士山,49,47639
山梨県全地点,49,0
乙女湖,49,1599
富士川,49,1640
白糸,50,440
御殿場,50,441
富士,50,442
三島,50,47657
越木平,50,444
川根本町,50,445
大山,50,446
網代,50,47668
高根山,50,448
静岡,50,47656
霧山,50,450
天竜,50,451
島田,50,452
湯ケ島,50,453
天城山,50,454
浜松,50,47654
松崎,50,456
稲取,50,457
御前崎,50,47655
石廊崎,50,47666
佐久間,50,986
土肥,50,987
三ヶ日,50,988
掛川,50,989
熊,50,1105
三倉,50,1106
梅ケ島,50,1114
清水,50,1243
磐田,50,1244
菊川牧之原,50,1335
井川,50,1338
三倉,50,1393
鍵穴,50,1440
富士山,50,47639
静岡空港,50,1601
一宮,51,460
豊山,51,461
茶臼山,51,462
名古屋,51,47636
豊田,51,464
東海,51,465
出来山,51,466
岡崎,51,467
作手,51,468
一色,51,469
豊橋,51,470
伊良湖,51,47653
田原,51,472
稲武,51,982
蟹江,51,983
南知多,51,984
小原,51,1166
鳳来,51,1341
蒲郡,51,1344
愛西,51,1346
新城,51,1541
セントレア,51,1555
阿蔵,51,1576
愛知県全地点,51,0
大府,51,1638
神岡,52,473
流葉山,52,474
森茂,52,475
高山,52,47617
乗鞍岳,52,477
大日岳,52,478
新渕山,52,479
船山,52,480
白尾山,52,481
白鳥,52,482
萩原,52,483
蕪山,52,484
八幡,52,485
樽見,52,486
金山,52,487
三界山,52,488
権現山,52,489
伽藍,52,490
美濃加茂,52,491
柄石峠,52,492
恵那,52,493
中津川,52,494
関ケ原,52,495
大垣,52,496
岐阜,52,47632
三森山,52,498
美濃,52,1057
多治見,52,1058
上石津,52,1059
栃尾,52,1061
宮地,52,1066
平井,52,1153
長滝,52,1299
揖斐川,52,1301
六厩,52,1305
白川,52,1306
河合,52,1308
宮之前,52,1311
黒川,52,1313
大日,52,1363
付知,52,1384
御母衣,52,1387
小津,52,1390
十二岳,52,1396
ひるがの,52,1436
清見,52,1437
丹生川,52,1438
関市板取,52,1577
北勢,53,499
桑名,53,500
雲母峰,53,501
四日市,53,47684
亀山,53,503
上野,53,47649
笠取山,53,505
津,53,47651
名張,53,507
国見山,53,508
小俣,53,509
粥見,53,510
藤坂峠,53,511
尾鷲,53,47663
八幡峠,53,513
熊野,53,514
大台,53,918
松阪,53,990
磯部,53,991
鳥羽,53,1230
宮川,53,1255
南伊勢,53,1258
紀伊長島,53,1349
白山,53,1356
阿児,53,1381
御浜,53,1423
熊野新鹿,53,1532
三重県全地点,53,0
村上,54,515
鷲ケ巣山,54,516
相川,54,47602
両津,54,518
新潟,54,47604
二王子岳,54,520
新津,54,521
巻,54,522
宝珠山,54,523
寺泊,54,524
三条,54,525
村松,54,526
津川,54,527
粟ヶ岳,54,528
長岡,54,529
栃尾,54,530
守門岳,54,531
柏崎,54,532
桜坂峠,54,533
小出,54,534
高田,54,47612
安塚,54,536
十日町,54,537
枝折峠,54,538
糸魚川,54,539
能生,54,540
光ケ原,54,541
大沢峠,54,542
津南,54,543
湯沢,54,544
袴岳,54,545
粟島,54,995
羽茂,54,996
守門,54,997
関山,54,998
下関,54,1060
鍵取,54,1102
赤谷,54,1111
小国,54,1154
松代,54,1155
高根,54,1256
平岩,54,1297
大潟,54,1302
弾崎,54,1315
中条,54,1318
三面,54,1369
大湯,54,1370
塩沢,54,1395
宮寄上,54,1398
樽本,54,1424
川谷,54,1426
筒方,54,1427
室谷,54,1444
松浜,54,1469
秋津,54,1514
瓢湖,54,1645
泊,55,546
魚津,55,547
宇奈月,55,548
嘉例沢,55,549
伏木,55,47606
富山,55,47607
砺波,55,552
上市,55,553
南砺高宮,55,554
八尾,55,555
小谷,55,556
立山,55,557
細尾峠,55,558
谷折,55,559
氷見,55,1309
宇奈月,55,1412
平,55,1413
大山,55,1414
細入,55,1415
猪谷,55,1455
秋ヶ島,55,1533
五箇山,55,1553
富山県全地点,55,0
立山芦峅,55,1621
珠洲,56,560
輪島,56,47600
門前,56,562
木原岳,56,563
志賀,56,564
七尾,56,565
羽咋,56,566
かほく,56,567
宝達山,56,568
金沢,56,47605
医王山,56,570
加賀菅谷,56,571
白山河内,56,973
白山白峰,56,1171
小松,56,1324
穴水,56,1486
三井,56,1544
宝達志水,56,1545
舳倉島,56,1650
福井,57,47616
大野,57,573
タイラ山,57,574
春日野,57,575
板垣,57,576
今庄,57,577
敦賀,57,47631
小浜,57,579
美山,57,974
川上,57,975
美浜,57,1010
三国,57,1071
勝山,57,1226
越廼,57,1316
九頭竜,57,1382
大飯,57,1454
春江,57,1537
武生,57,1565
福井県全地点,57,0
今津,60,580
荒川,60,581
春照,60,582
彦根,60,47761
近江八幡,60,584
君ケ畑台地,60,585
大津,60,586
土山,60,587
東近江,60,963
信楽,60,964
長浜,60,976
南小松,60,1083
柳ケ瀬,60,1087
霜ケ原,60,1361
米原,60,1524
朽木平良,60,1578
伊吹山,60,47751
峰山,61,588
宮津,61,589
舞鶴,61,47750
仏坂,61,591
浅原山,61,592
福知山,61,593
胡麻,61,594
妙高山,61,595
園部,61,596
京都,61,47759
京田辺,61,598
鷲峰山,61,599
花背峠,61,920
知井,61,927
京北,61,928
間人,61,965
本庄,61,966
長岡京,61,1025
睦寄,61,1160
美山,61,1303
須知,61,1378
三岳,61,1379
綾部,61,1380
三和,61,1383
京都府全地点,61,0
坂浦,61,1641
能勢,62,600
箕面,62,601
豊中,62,602
大阪,62,47772
生駒山,62,604
河内長野,62,605
熊取,62,606
堺,62,1062
枚方,62,1065
八尾,62,1470
関空島,62,1471
茨木,62,1602
香住,63,607
温泉,63,608
三川山,63,609
豊岡,63,47747
八鹿,63,611
和田山,63,612
生野,63,613
柏原,63,614
一宮,63,615
笠形山,63,616
佐用,63,617
後川,63,618
上郡,63,619
的場山,63,620
姫路,63,47769
名塩,63,622
六甲山,63,623
家島,63,624
明石,63,625
神戸,63,47770
洲本,63,47776
福良,63,628
西脇,63,956
大屋,63,967
福崎,63,968
三田,63,969
郡家,63,970
兎和野高原,63,977
三木,63,1227
南淡,63,1337
淡路町,63,1448
芦屋,63,1449
神戸塩屋,63,1450
神戸空港,63,1587
西宮,63,1588
兵庫県全地点,63,0
奈良,64,47780
針,64,630
田原本,64,631
曽爾,64,632
大宇陀,64,633
高見山,64,634
五條,64,635
天辻,64,636
山上ケ岳,64,637
荒神岳,64,638
日出岳,64,639
上野地,64,640
玉置山,64,641
上北山,64,957
風屋,64,1228
高見,64,1366
葛城,64,1376
壷坂,64,1377
吉野,64,1439
天川,64,1619
下北山,64,1649
葛城山,65,642
和歌山,65,47777
岩出,65,644
高野山,65,645
護摩壇山,65,646
御坊,65,647
虎ケ峰峠,65,648
新宮,65,649
白浜,65,650
日置川,65,651
潮岬,65,47778
栗栖川,65,971
湯浅,65,978
清水,65,1063
本宮,65,1074
龍神,65,1089
色川,65,1172
かつらぎ,65,1342
西川,65,1347
友ケ島,65,1457
川辺,65,1485
南紀白浜,65,1589
和歌山県全地点,65,0
大空山,66,653
那岐山,66,654
今岡,66,655
久世,66,656
津山,66,47756
新見,66,658
天子山,66,659
赤磐,66,660
陣山,66,661
大平山,66,662
福渡,66,663
和気,66,664
佐屋,66,665
矢掛,66,666
岡山,66,47768
虫明,66,668
倉敷,66,669
玉野,66,670
笠岡,66,919
下呰部,66,929
高梁,66,930
奈義,66,1140
上長田,66,1328
千屋,66,1330
恩原,66,1371
日応寺,66,1531
富,66,1584
吉備中央,66,1585
旭西,66,1618
道後山,67,671
安田山,67,672
犬伏山,67,673
三次,67,674
庄原,67,675
大朝,67,676
加計,67,677
海見山,67,678
上下,67,679
内黒山,67,680
世羅,67,681
恵下谷山,67,682
東広島,67,683
福山,67,47767
広島,67,47765
竹原,67,686
生口島,67,687
大竹,67,688
呉,67,47766
倉橋,67,690
高野,67,947
東城,67,948
甲田,67,949
三入,67,950
府中,67,951
河内,67,952
久比,67,953
志和,67,1163
王泊,67,1257
八幡,67,1262
油木,67,1325
廿日市津田,67,1326
本郷,67,1472
佐伯湯来,67,1575
都志見,67,1579
君田,67,1582
美土里,67,1583
広島県全地点,67,0
安宿,67,1603
呉市蒲刈,67,1606
西郷,68,47740
西ノ島,68,692
鹿島,68,693
斐川,68,694
松江,68,47741
大東,68,696
大田,68,697
掛合,68,698
横田,68,699
吾妻山,68,700
川本,68,701
浜田,68,47755
三隅,68,703
益田,68,704
聖山,68,705
十種峯,68,706
津和野,68,707
佐田,68,954
桜江,68,1093
瑞穂,68,1094
伯太,68,1095
波佐,68,1175
匹見,68,1176
海士,68,1307
出雲,68,1310
赤名,68,1320
弥栄,68,1321
六日市,68,1322
福光,68,1336
原山,68,1362
西郷岬,68,1473
高津,68,1474
吉賀,68,1592
境,69,47742
青谷,69,709
鳥取,69,47746
岩井,69,711
米子,69,47744
倉吉,69,713
菅俵原,69,714
霊石山,69,715
大山,69,716
古峠山,69,717
智頭,69,718
日南,69,938
関金,69,1177
若桜,69,1178
塩津,69,1231
茶屋,69,1304
佐治,69,1385
江尾,69,1389
鹿野,69,1391
湖山,69,1519
鳥取県全地点,69,0
大山寺,71,719
池田,71,720
徳島,71,47895
江田山,71,722
太竜寺山,71,723
日和佐,71,724
宍喰,71,725
穴吹,71,972
福原旭,71,1098
蒲生田,71,1242
京上,71,1252
半田,71,1327
木頭,71,1352
旭丸,71,1358
剣山,71,47894
海陽,71,1604
内海,72,726
高松,72,47891
多度津,72,47890
滝宮,72,729
引田,72,730
竜王山,72,731
財田,72,1239
香南,72,1475
香川県全地点,72,0
大三島,73,732
玉川,73,733
新居浜,73,734
四国中央,73,735
松山,73,47887
上林,73,737
成就社,73,738
長浜,73,739
中山,73,740
久万,73,741
獅子越峠,73,742
八幡浜,73,743
宇和島,73,47892
御荘,73,745
西条,73,958
大洲,73,959
三崎,73,960
宇和,73,961
今治,73,1077
富郷,73,1260
近永,73,1350
瀬戸,73,1456
松山南吉田,73,1521
本山,74,746
繁藤,74,747
佐川,74,748
成山,74,749
高知,74,47893
南国,74,751
芸西,74,752
鳥形山,74,753
船戸,74,754
安芸,74,755
須崎,74,756
佐喜浜,74,757
窪川,74,758
室戸岬,74,47899
堂ケ森,74,760
大正,74,761
宿毛,74,47897
中村,74,763
清水,74,47898
梼原,74,921
田野,74,955
池川,74,1179
大栃,74,1229
佐賀,74,1233
江川崎,74,1235
後免,74,1249
魚梁瀬,74,1281
本川,74,1351
南国日章,74,1476
三崎,74,1556
高知県全地点,74,0
須佐,81,765
萩,81,47754
徳佐,81,767
鍋提峠,81,768
秋吉台,81,769
瀬戸原,81,770
広瀬,81,771
豊田,81,772
桜山,81,773
山口,81,47784
防府,81,775
下松,81,776
下関,81,47762
宇部,81,778
安下庄,81,779
玖珂,81,913
油谷,81,939
岩国,81,940
周東,81,941
柳井,81,942
羅漢山,81,1100
長野山,81,1101
和田,81,1261
篠生,81,1367
鹿野,81,1614
東厚保,81,1620
八幡,82,780
小倉,82,781
行橋,82,782
篠栗,82,783
飯塚,82,47809
前原,82,785
福岡,82,47807
九千部山,82,787
朝倉,82,788
英彦山,82,789
久留米,82,790
耳納山,82,791
黒木,82,792
大牟田,82,793
宗像,82,943
頂吉,82,944
柳川,82,945
添田,82,1046
太宰府,82,1141
博多,82,1477
曽根,82,1527
空港北町,82,1590
福岡県全地点,82,0
早良脇山,82,1611
東谷,82,1637
小呂島,82,1657
中津,83,794
豊後高田,83,795
武蔵,83,796
伏木,83,797
日田,83,47814
湯布院,83,799
大分,83,47815
佐賀関,83,801
釈迦岳,83,802
湯平,83,803
温見,83,804
犬飼,83,805
竹田,83,806
出羽,83,807
佐伯,83,808
倉木,83,809
蒲江,83,810
院内,83,931
玖珠,83,932
臼杵,83,933
耶馬渓,83,979
国見,83,1137
宇目,83,1142
別府,83,1157
杵築,83,1237
椿ヶ鼻,83,1554
佐須奈,84,811
厳原,84,47800
平戸,84,47805
松浦,84,814
国見山,84,815
佐世保,84,47812
大瀬戸,84,817
長浦岳,84,818
五家原岳,84,819
諫早,84,820
長崎,84,47817
雲仙岳,84,47818
福江,84,47843
口之津,84,922
島原,84,962
有川,84,1080
大村,84,1084
有川,84,1138
芦辺,84,1144
野母崎,84,1441
深江,84,1442
普賢岳,84,1446
百花台,84,1451
千々石,84,1452
鰐浦,84,1453
石田,84,1478
上大津,84,1479
小値賀,84,1535
頭ヶ島,84,1536
美津島,84,1538
長崎県全地点,84,0
枝去木,85,824
和多田,85,825
権現山,85,826
八幡岳,85,827
佐賀,85,47813
白石,85,829
嬉野,85,830
多良岳,85,831
伊万里,85,1075
川副,85,1480
唐津,85,1610
鳥栖,85,1612
北山,85,1616
鹿北,86,832
南小国,86,833
岱明,86,834
菊池,86,835
鞍岳,86,836
熊本,86,47819
俵山,86,838
阿蘇山,86,47821
高森,86,840
間の谷山,86,841
甲佐,86,842
松島,86,843
大金峰,86,844
本渡,86,845
八代,86,846
人吉,86,47824
牛深,86,47838
一里山,86,850
白髪岳,86,851
益城,86,923
水俣,86,924
多良木,86,925
上,86,926
田浦,86,946
三角,86,1081
湯前横谷,86,1086
茶臼峠,86,1088
屋形山,86,1156
五家荘,86,1158
阿蘇乙姫,86,1240
五木,86,1368
山江,86,1435
宇土,86,1580
一勝地,86,1581
熊本県全地点,86,0
戦山,86,847
山都,86,1613
南阿蘇,86,1660
高千穂,87,852
大中尾,87,853
中小屋,87,854
延岡,87,47822
猪原,87,856
日向,87,857
矢櫃岳,87,858
高鍋,87,859
加久藤,87,860
西都,87,861
えびの,87,862
小林,87,863
野尻,87,864
国富,87,865
宮崎,87,47830
霧島御池,87,867
青島,87,868
都城,87,47829
鰐塚山,87,870
油津,87,47835
串間,87,872
古江,87,1135
深瀬,87,1164
見立,87,1275
諸塚,87,1343
西米良,87,1345
鞍岡,87,1348
神門,87,1353
北方,87,1432
上椎葉,87,1433
赤江,87,1481
都農,87,1608
日之影,87,1609
高原,87,1623
山田,87,1624
椎葉,87,1636
阿久根,88,47823
古原野,88,874
大口,88,875
魚野越,88,876
紫尾山,88,877
さつま柏原,88,878
中甑,88,879
川内,88,880
溝辺,88,881
八重山,88,882
東市来,88,883
権現ケ尾,88,884
鹿児島,88,47827
高峠,88,886
加世田,88,887
吉ケ別府,88,888
喜入,88,890
肝属川,88,891
枕崎,88,47831
指宿,88,893
甫与志岳,88,894
内之浦,88,895
種子島,88,47837
中種子,88,897
上中,88,898
尾之間,88,899
名瀬,88,47909
屋久島,88,47836
沖永良部,88,47942
出水,88,934
牧之原,88,935
志布志,88,936
鹿屋,88,937
古仁屋,88,980
矢止岳,88,1104
田代,88,1136
伊仙,88,1139
輝北,88,1146
大隅,88,1149
佐多,88,1161
肝付前田,88,1181
与論島,88,1277
喜界島,88,1296
笠利,88,1520
中之島,88,1540
天城,88,1542
鹿児島県全地点,88,0
霧島牧園,88,1625
宝島,88,1647
諏訪之瀬島,88,1654
小宝島,88,1655
平島,88,1658
奥,91,901
与那覇岳,91,902
呉我山,91,903
名護,91,47940
名嘉真,91,905
読谷,91,906
胡屋,91,907
那覇,91,47936
糸数,91,909
金武,91,1064
石垣島,91,47918
伊原間,91,1145
伊是名,91,1147
宮古島,91,47927
久米島,91,47929
渡嘉敷,91,1152
伊良部,91,1246
多良間,91,1247
城辺,91,1248
川平,91,1250
大原,91,1251
西表島,91,47917
与那国島,91,47912
波照間,91,1354
南大東（南大東島）,91,47945
本部,91,1373
東,91,1374
安次嶺,91,1482
鏡原,91,1483
真栄里,91,1484
下地,91,1490
仲筋,91,1491
所野,91,1493
志多阿原,91,1494
粟国,91,1515
慶良間,91,1516
北大東,91,1517
旧東,91,1518
北原,91,1534
国頭,91,1586
宮城島,91,1596
盛山,91,1639
渡名喜,91,1651
昭和,99,89532
